abbasside;3
abd;3
ablution;3
abou;3
abraham;3
abruti;1
achoura;3
adab;3
adala;3
adhan;3
adl;3
adolphe;3
aggada;3
agouna;3
ahd;3
ahl;3
ahuri;1
ahzab;3
aid;3
aigrefin;1
akh;3
akhira;3
akhlaq;3
alayhi;3
alim;3
aliya;3
allah;3
allahu;3
allegeance;3
almohade;3
al qiyama;3
amal;3
aman;3
amn;3
anachorete;1
anal;2
analphabete;1
anatheme;3
andouille;1
ange;3
ansar;3
antechrist;3
anteislamique ;3
antijuif;3
antiphysique;2
antisemite;3
anus;1
anus;2
apocryphes;3
apostat;3
apparition;3
aqaid;3
aqida;3
arabe;1
arbayn;3
arsouille;1
asghar;3
ashkenaz;3
ashkenaze;3
as salam alaykoum;3
assiste;1
asticot;1
atheisme;3
at ta a;3
attarde;1
au dela;3
auschwiz;3
avorton;1
awal;3
awra;3
aya;3
ayatollah;3
aymanoukoum;3
a'zam;3
azl;2
babache;1
babouin;1
babtou;1
babylone;3
bachar;3
bachibouzouk;1
bahara;3
baltringue;1
banou;3
baraka;3
barakah;3
barjot;1
barmitsvah;3
bar mitsvah;3
barzah;3
barzakh;3
basar;3
basira;3
batard;1
batin;3
bay'a;3
bay ah;3
bayt;3
bayt allah;3
beauf;1
becasse;1
begueule;1
belitre;1
ben;3
beotien;1
bet ha midrash;3
bete;1
beth din;3
bible;3
bicot;1
bigleux;1
bint;3
biroute;2
bismillah;3
bistouquette;2
bite;2
blaireau;1
bled;3
boche;3
boloss;1
bonne soeur ;3
boudin;1
bouffon;1
bougre d'ane;1
bougre de congre;1
boule de pus;1
boulet;1
bouricot;1
bourique;1
bourrin;1
boursemolle;1
boursouflure;1
bouseux;1
boutonneux;1
branlotin;1
branque;1
branquignole;1
braquemard;2
brele;1
brigand;1
brit mila;3
bubon puant;1
buchenwald;3
bukhari;3
bund;3
butor;1
cageot;1
cagole;1
calame;3
calice;1
califat;3
calife;3
canaille;1
canaillou;1
cancrelat;1
canonique;3
caprinophile;1
caribou;1
cas social;1
cas sociaux;1
casse pieds;1
cassos;1
catin;1
cave;1
cha aban;3
chacal;1
chacal puant;1
chaf;3
chafouin;1
chahada;3
chahada;3
chahid;3
chameau;1
chancre;1
chancreux;1
chaoui;1
chari a;3
charia;3
charogne;1
chatoune;2
chatounette;2
chatte;2
chawwal;3
chaytan;3
chbebs;2
cheikh;3
chenapan;1
cherif;3
chiassard;1
chib;2
chienne;1
chiisme;3
chiite;3
chiites;3
chirk;3
chneque;2
chnoque;1
choffar;3
choura;3
chretien;3
ciel;3
cieux;3
cingle;1
circoncision;3
clampin;1
clinche;2
cloaque;1
clodo;1
cloporte;1
cochon;1
cocu;1
cohanim;3
cohen;3
colonisation;3
communiste;3
conassiforme;1
conchieur;1
conde;1
confesser;3
confession;3
conichet;2
conillon;2
connaud;2
connelet;2
connet;2
consistoire;3
converso;3
coprolithe;1
coprophage;1
coran;3
cornegidouille;1
corniaud;1
corvette;2
couard;1
crapule;1
crassard;1
crasseuse;1
crasspouillard;1
creche;2
cremieux;3
cretin;1
crevard;1
crevure;1
crotte;1
crouillat;1
crouille;1
cryptorchide;1
cuistre;1
cure;3
cuti;2
dachau;3
dajjal;3
dar;3
da'wa;3
debile;1
decalogue;3
decamerde;1
decerebre;1
defequer;2
degenere;1
degueulis;1
dejection;2
deportation;3
deprave;2
derash;3
derviche;3
deuteronome;3
devekut;3
dhabiha;3
dhallal;3
dharoura;3
dhikr;3
dhimmi;3
dhou;3
dhouhan;3
diaspora;3
din;3
dinde;1
divin;3
diya;3
djihad;3
djinn;3
djizyia;3
dou'a`;3
dounya;3
dugenou;1
dugland;1
dunya;3
dypterosodomite;2
eblis;3
ecervele;1
ectoplasme;1
el adha;3
el fitr;3
el kebir;3
emmanche;2
empaffe;2
empapaoute;2
empetarde;2
emplatre;1
empote;1
enfile;2
enflure;1
enfoire;1
esoterisme;3
es seghir;3
eunologie;3
eunuque;2
evangelisation;3
evangeliser;3
evangile;3
excrements;2
exode;3
extermination;3
face de pet;1
face de rat;1
facho;3
fajara;3
fajr;3
fakir;3
falah;3
fana;3
faqir;3
faquin;1
faraud;1
fard;3
fasciste;3
fasiq;3
fatir;3
fatwa;3
faux jeton;1
felon;1
femelle;2
fesse;2
fessee;2
fesser;2
fesse;2
fesses;2
feuj;3
fiente;1
fikar;3
filou;1
fiqh;3
fitna;3
fitra;3
flic;1
foc;2
foi;3
foireux;1
foldingue;1
foufoune;2
foune;2
fourbe;1
foutre;2
foutriquet;1
franco;3
frapadingue;1
freluquet;1
frere;3
fricoteur;1
frigide;2
fripouille;1
frippon;1
fumiste;1
furoncle;1
furqan;3
gabbai;3
galout;3
ganache;1
gangrene;1
gaon;3
gaulois;1
gay;2
genese;3
geniza;3
genocide;3
ghafara;3
ghafla;3
ghayba;3
ghetto;3
ghiman;3
ghoulam;3
ghousl;3
ghrayba;3
ghulam;3
gibier de potence;1
gland;2
glandeur;1
glandus;1
globicephale;1
gnome;1
godiche;1
goebbels;3
gogol;1
goi;3
goim ;3
goinfre;1
gommeux;1
gougnafier;1
goujat;1
goulu;1
gourdasse;1
gourdin;2
goy;3
goye;3
goyim;3
gras du bide;1
graveleux;1
gredin;1
gringalet;1
grognasse;1
gros lard;1
grue;1
guemara;3
guet;3
gueulard;1
gueux;1
gugus;1
guignol;1
guiton;2
guitoune;2
h'azan;3
habad;3
habous;3
hadath;3
hadd;3
hadi;3
hadith;3
hafiz;3
hagiographes;3
hajj;3
hakim;3
halah;3
halakha;3
halakha;3
halal;3
halifa;3
halim;3
hamdan;3
hanifisme;3
hanoukka;3
hanoukkia;3
haqiqa;3
haqq;3
haram;3
harb;3
haredim;3
harem;3
hasan;3
hascaba;3
hashana;3
haskala;3
hassidisme;3
hebreu;3
hebreu;3
heder;3
hegire;3
hegire;3
herem;3
heretique;3
hetero;2
heterosexuel;2
hidaya;3
hierosolyme;3
hijab;3
hilafa;3
himma;3
hisba;3
histrion;1
hitler;3
hizb;3
hizb;3
homo;2
homoncule;1
homophile;2
homosexuel;2
houdda;3
houdna;3
houdoud;3
houjja;3
houkm;3
houmaza;3
houri;3
humaza ;3
hurban;3
hurluberlu;1
ibada;3
iblis;3
icha;3
iconoclaste;1
idda;3
idda al mar;3
idiot;1
iftar;3
ignare;1
ihram;3
ihsan;3
i'jaz;3
ijma;3
ijtihad;3
ikhwan;3
ilah;3
illettre;1
illuminati;3
illuminatis;3
ilm;3
imam;3
imam;3
imam;3
imamat;3
iman;3
imbecile;1
impuissant;2
imbibe;1
incha;3
incredule;3
indolent;1
infaq;3
injil;3
invocation;3
invoquer;3
iqama;3
isa;3
islam;3
islamisme;3
islamiste;3
isma;3
isnad;3
isra;3
israel;3
israelien;3
israelite;3
istislah;3
itmam;3
ivrogne;1
jahannam ;3
jahiliya;3
jahl;3
jami';3
janaza;3
janna;3
jaquette;2
jazak;3
jean foutre;1
jerusalem;3
jesus;3
jesus christ;3
jesus christ;3
jeune;3
jihad;3
jilbab;3
jilbab;3
jinn;3
jiz ya;3
jiz`ya;3
jobard;1
jobastre;1
jouir;2
jouz;3
judaean;3
judaique;3
judaisation;3
judas;1
judas;3
judee;3
judeen;3
judenrat;3
judenrein;3
juderia;3
juife;3
juive;3
juiverie;3
jumada;3
jumua;3
kabbale;3
kafir;3
kahal;3
kalam;3
karb;3
kasherout;3
keke;1
ketoubba;3
ketoubbot;3
ketouvim;3
khadija;3
khalifat;3
khalife;3
khalife;3
khaliq;3
khamsa;3
kharaj;3
khatib;3
khayr;3
khayr;3
khilafa;3
khitan;3
khoums;3
khoutba;3
khutba;3
kifl;3
kijja;3
kippa;3
kippah;3
kippour;3
kitab;3
kitab;3
kolel;3
kolelim;3
kotel;3
kouffar;1
koufr;3
kourf;3
kroumir;1
kufr;3
laghw;3
laideron;1
la'in;3
la'na;3
lapidation;1
lapider;3
latif;3
lavedu;1
laylat;3
lazim;3
leche;2
leche cul;1
lecher;2
lepreux;1
lesbien;2
lesbienne;2
levirat;3
levitique;3
lgbt;2
lisan;3
loboto;1
lubrique;2
ludaea;3
ma'ad;3
maaravi;3
macaque;1
macha;3
madhhab;3
madrasa;3
maghreb;3
maghreb;3
maghrib;3
maguen;3
mahdi;3
mahomet;3
mahram;3
majlis;3
majuj;3
makrouh;3
mala`ka;3
malakat;3
malandrin;1
male;2
malediction;3
malotru;1
malpropre;1
mamelouk;3
mamzer;3
manant;1
mandoub;3
manzil;3
maoulide ;3
maqsid;3
maqsoura;3
maquereau;1
maquerelle;1
marabout;3
maraud;1
mardoud;3
margoulin;1
marrane ;3
mashhad;3
masjid;3
maskil;3
maskilim;3
masyah;3
maulana;3
mawali;3
mawla;3
mawlana;3
mawlid;3
mecque;3
mecreant;1
medersa;3
medine;3
mektoub;3
mektoub;3
menorah;3
merdaillon;1
merdasse;1
merdophile;1
merlan frit;1
merule;1
messager;3
messie;3
meteque;1
mezouza;3
mezouzoth;3
michna;3
michnah;3
microcephale;1
midrash;3
midrash;3
midrashim;3
mihrab;3
milf;2
minable;1
minaret;3
minbar;3
minette;2
minha;3
minhaj;3
minou;2
minouche;2
minyan;3
miraj;3
mishna;3
mishnah;3
miswak;3
miteux;1
mitnaged;3
mitnaggedim;3
mitsvah;3
mitsvoth;3
mohalim;3
mohammad;3
mohammed;3
mohel;3
moise;3
moise;3
molasson;1
mollah;3
mollah;3
momacque;2
mongol;1
mononeuronal;1
monotheiste;3
monstre;1
morbleu;1
more judaico;3
morfale;1
morille;1
mortecouille;1
morveux;1
mosquee;3
moule;2
mouled ;3
moulette;2
mouloud;1
moumoune;2
moune;2
mounine;2
mourad;3
mubah;3
muchrik;3
muezzin;3
mufsid;3
mufti;3
muhajir;3
muhajirun;3
muhammad;3
muharram;3
muhtasib;3
mujahid;3
mujtahid;3
muladi;3
mulatre;1
mullah;3
munafiq;3
munaqaba;3
munkar;3
murabit;3
murchid;3
murtadd;3
musa;3
musar;3
musarnik;3
muslim;3
mussolini;3
mustahabb;3
mustahabb;3
mustaqim;3
musulman;3
musulman;3
mutawatir;3
muulud;3
muwallad;3
nabi;3
nabot;1
nafil;3
nafs;3
nahw;3
nain de jardin;1
najasa;3
nakir;3
nanar;1
nasiha;3
nasikh;3
nass;3
naz;1
naze;1
nazi;3
nazillon;1
nazis;3
nefesh;3
negativos;3
nenette;2
netanyahu;3
neuneu;1
neviim;3
nez de boeuf;1
niais;1
niaiseux;1
nichon;2
nifaq;3
nigaud;1
niguedouille;1
niqab;3
niqab;3
noob;1
nounouille;1
nubuwwa;3
nun;3
nur;3
nuryin;3
occultation;3
offrande;3
olibrius;1
omeyyades;3
ordure;1
oubiya;3
oulama;3
oulema;3
oulema;3
oumma;3
oumma;3
oumra;3
ourf;3
outrecuidant;1
palestine;3
paltoquet;1
panaris;1
paque;3
paracha;3
paradis;3
parbleu;1
pardon;3
parnas;3
parve;3
parvenu;1
paume;1
pecheur;3
pecore;1
pecore;1
pedale;2
pedale;2
pedalo;2
pedero;2
pedoque;2
peigne cul;1
pendard;1
pentateuque;3
pentateuque;3
pentateuque;3
pequenot;1
pervers;2
pessah;3
peripateticienne;2
petassoide;1
petin;3
petochard;1
petzouille;1
phallus;2
phlegmon;1
phoque;2
pignolo;1
pignouf;1
pimbeche;1
pinailleur;1
pine;2
pintade;1
pipe;2
pipistrelle;1
piqueniquedouille;1
pisseur;1
pisseuse;1
pissure;1
playboy;1
pleutre;1
plouc;1
poivrot;1
polisson;1
poltron;1
popaul;2
porc;1
pouacre;1
pouacreux;1
pouffe;1
poufieux;1
pouilleux;1
pourceau;1
pourim;3
pourriture;1
pousse megot;1
precheur;3
priere;3
prieres;3
profanation;3
profaner;3
prophete;3
prosternation;3
prosterner;3
psaume;3
puante;1
puer;1
putassiere;1
pygocephale;1
qadarite;3
qaddus;3
qadha;3
qadi;3
qadr;3
qadr;3
qalam;3
qarna;3
qasas;3
qibla;3
qira at;3
qisas;3
qiyama;3
qiyama;3
qiyas;3
quadrizomique;1
qudsi;3
queue;2
quequette;2
queutard;2
qur`an;3
quraych;3
quraychite;3
rabb;3
rabbin;3
rabi;3
rabita;3
rabita;3
racailles;1
rachid;3
raclure;1
radasse;1
radin;1
rahim;3
rahim;3
rahman;3
rahman;3
raie;2
rajab;3
rajm;3
rak'a;3
ramadan;3
rastaquouere;1
rasul;3
rebbe;3
redemption;3
reinach;3
renegat;1
renegat;3
residu de fausse couche;1
responsum;3
revelation ;3
riba;3
ribh;3
ridda;3
ridha;3
rifada;3
risala;3
rothschild;3
roubignolles;2
roublard;1
roulure;1
roupignettes;2
roustons;2
ruh;3
rukn;3
ruku;3
sabbat;3
sabbatai;3
sabil;3
sabr;3
sabraque;1
sac a brin;1
sac a gnole;1
sacrebleu;1
sacrement;1
sacrifice;3
sacripan;1
sadaq;3
sadaqa;3
safar;3
sagouin;1
sahaba;3
sahaba;3
sahih;3
sahur;3
saint;3
sainte;3
sala;3
salaf ;3
salafisme;3
salam;3
salam;3
salat;3
salem;3
saligaud;1
salla;3
saloperie;1
salopiaud;1
salsabil;3
saltinbanque;1
saoum;3
saperlipopette;1
saperlotte;1
saqar;3
sarrasin;3
satan;3
satan;3
sawm;3
sayyid;3
scelerat;1
schnock;1
schpountz;1
seder;3
sefarades;3
sein;2
seins;2
semite;3
serment;3
serpillere;1
sexe;2
sextoy;2
shabbat;3
shabtai;3
shames;3
shavouot;3
shnorrer;3
shoah;3
shoah;3
shofar;3
shoh'et;3
shtetl;3
shu ubiya;3
sinoque;1
sion;3
sionisme;3
sioniste;3
sionistes;3
sira;3
sirat;3
siwak;3
solyme;3
sot;1
soufi;3
soufi;3
souillon;1
soukkoth;3
sourate;3
sourate;3
spermatozoide;2
spermiducte;2
stalinien;3
subhan;3
subhanahu;3
sucer;2
suintance;1
suleyman;3
sunna;3
sunna;3
sunnisme;3
sunniste;3
sunnite;3
supplication;3
surate;3
sybarite;1
synagogue;3
syphonne;1
ta awwudh;3
tabarnak;1
tacheron;1
tachkil;3
tafsir;3
taghout;3
tahajjada;3
tahara;3
tahara;3
tahir;3
tahrif;3
taifa;3
tajdid;3
tajwid;3
takbir;3
takfir;3
talaq;3
taleb;3
taliban;3
talleth;3
tallith;3
talmud;3
tanakh;3
tanche;2
tante;2
tanzil;3
tapette;2
taqiya;3
taqlid;3
taqsir;3
tarawih;3
tare;1
tariqa;3
tariqa;3
tarkib;3
tartignole;1
tartil;3
tasawwuf;3
tasbih;3
taslim;3
tasnim;3
tawaf;3
tawassoul;3
tawhid;3
tayammum;3
tazir;3
tcholle;2
tefillines;3
teton;2
tetons;2
teub;2
thani;3
theologie;3
theologien;3
thon;1
tinette;2
tocard;1
toque;1
torah;3
torah;3
tossafiste;3
toubab;1
traine;2
treif;3
tricard;1
triple buse;1
tromblon;1
tromblon;1
tronche de cake;1
troubignole;1
truand;1
truie;1
trumeaux;1
tsaddik;3
tsedakka;3
tubba;3
tuberculeux;1
tudieu;1
tufan;3
tuwa;3
ubiya;3
ulama;3
umawiyyun;3
umayya;3
umma;3
ummat;3
umra;3
uranien;2
urf;3
usurier;3
va nu pieds;1
va te faire;1
vagin;2
valseuses;2
vandale;1
varsovie;3
vaurien;1
velleitaire;1
ventrebleu;1
vermine;1
veule;1
vicelard;1
vieille baderne;1
vierge;2
vioque;1
virilite;2
vocation;3
voile;3
voyou;1
vulve;2
wadd;3
wahdaniya;3
wahdat;3
wahhabisme;3
wahhabite;3
wahi;3
wajib;3
wakil;3
wali;3
waliy;3
waliy;3
waqi'a;3
warraq;3
wasat;3
wasi;3
waswas;3
wildan;3
wisigoth;1
witr;3
witr;3
wudu;3
yad;3
yaghuth;3
yahve;3
yajuj;3
yaqin;3
yasu'a;3
ya'uq;3
yawm;3
yehudah;3
yerushalayim;3
yeshiva;3
yeshivot;3
yhvh;3
yiddish;3
yiddish;3
yiddishkeit;3
yiddishland;3
yishouv;3
yossi;2
youtre;3
zabur;3
zahir;3
zahirisme;3
zahr;3
zaidisme;3
zakat;3
zalim;3
zalimun;3
zamzam;3
zaouia;3
zaqqum;3
zawiya;3
zayd;3
zaydisme;3
zgeg;2
ziara;3
ziarra;3
zigomar;1
zigoto;1
zigouigoui;2
zihar;3
zikr;3
zina;3
zizi;2
zob;2
zohar;3
zonard;1
zouave;1
zoulou;1
zozo;1
zuhr;3
zul;3
zzzgentil;3